{"cameraMode":{"drawMode":0,"name":"Shaded","section":"Shading Mode"},"sceneLighting":false,"audioPlay":false,"sceneViewState":{"m_AlwaysRefresh":false,"showFog":true,"showSkybox":false,"showFlares":true,"showImageEffects":true,"showParticleSystems":true,"showVisualEffectGraphs":true,"m_FxEnabled":true},"in2DMode":false,"pivot":{"x":4.000001430511475,"y":2.499915599822998,"z":-0.000004291534423828125},"rotation":{"x":-0.35755962133407595,"y":0.35484737157821658,"z":-0.14910398423671723,"w":-0.8508927226066589},"size":9.604662895202637,"orthographic":false}